<?xml version="1.0" encoding="UTF-8"?>

<beans xmlns="http://www.springframework.org/schema/beans"
	xmlns:xsi="http://www.w3.org/2001/XMLSchema-instance"
	xsi:schemaLocation="
        http://www.springframework.org/schema/beans http://www.springframework.org/schema/beans/spring-beans.xsd">

	<bean id="Employee" class="com.yash.springmvcdemo.Spring_AOP.Employee">
		
		<property name="name" value="xyz"></property>
		<property name="address" value="pune"></property>
	</bean>

	<!-- <bean id="hijackBeforeMethodBean"
		class="com.yash.springmvcdemo.Spring_AOP.hijackBeforeMethodBean">
	</bean>
	<bean id="employeeProxy"
		class="org.springframework.aop.framework.ProxyFactory">
		<property name="target" ref="Employee"></property>
		<property name="interceptorNames">
			<list>
				<value>hijackBeforeMethodBean</value>
			</list>
		</property>
	</bean> -->







</beans>